Kanton,Population,24.02.2020,25.02.2020,26.02.2020,27.02.2020,28.02.2020,29.02.2020,01.03.2020,02.03.2020,03.03.2020,04.03.2020,05.03.2020,06.03.2020,07.03.2020,08.03.2020,09.03.2020,10.03.2020,11.03.2020,12.03.2020,13.03.2020,14.03.2020,15.03.2020,16.03.2020,17.03.2020,18.03.2020,19.03.2020,20.03.2020,21.03.2020,22.03.2020,23.03.2020,24.03.2020,25.03.2020,26.03.2020,27.03.2020,28.03.2020,29.03.2020,30.03.2020,31.03.2020,01.04.2020,02.04.2020,03.04.2020,04.04.2020,05.04.2020,06.04.2020,07.04.2020,08.04.2020,09.04.2020,10.04.2020,11.04.2020,12.04.2020,13.04.2020,14.04.2020,15.04.2020,16.04.2020,17.04.2020,18.04.2020,19.04.2020,20.04.2020,21.04.2020,22.04.2020,23.04.2020,24.04.2020,25.04.2020,26.04.2020,27.04.2020,28.04.2020,29.04.2020,30.04.2020,01.05.2020,02.05.2020,03.05.2020,04.05.2020,05.05.2020,06.05.2020,07.05.2020,08.05.2020,09.05.2020,10.05.2020,11.05.2020,12.05.2020,13.05.2020,14.05.2020,15.05.2020,16.05.2020,17.05.2020,18.05.2020,19.05.2020,20.05.2020,21.05.2020,22.05.2020,23.05.2020,24.05.2020,25.05.2020,26.05.2020,27.05.2020,28.05.2020,29.05.2020,30.05.2020,31.05.2020,01.06.2020,02.06.2020,03.06.2020,04.06.2020,05.06.2020,06.06.2020,07.06.2020,08.06.2020,09.06.2020,10.06.2020,11.06.2020,12.06.2020,13.06.2020,14.06.2020,15.06.2020,16.06.2020,17.06.2020,18.06.2020,19.06.2020,20.06.2020,21.06.2020,22.06.2020,23.06.2020,24.06.2020,25.06.2020,26.06.2020,27.06.2020,28.06.2020,29.06.2020,30.06.2020,01.07.2020,02.07.2020,03.07.2020,04.07.2020,05.07.2020,06.07.2020,07.07.2020,08.07.2020,09.07.2020,10.07.2020,11.07.2020,12.07.2020,13.07.2020,14.07.2020,15.07.2020,16.07.2020,17.07.2020,18.07.2020,19.07.2020,20.07.2020,21.07.2020,22.07.2020,23.07.2020,24.07.2020,25.07.2020,26.07.2020,27.07.2020,28.07.2020,29.07.2020,30.07.2020,31.07.2020,01.08.2020,02.08.2020,03.08.2020,04.08.2020,05.08.2020,06.08.2020,07.08.2020,08.08.2020,09.08.2020,10.08.2020,11.08.2020,12.08.2020,13.08.2020,14.08.2020,15.08.2020,16.08.2020,17.08.2020,18.08.2020,19.08.2020,20.08.2020,21.08.2020,22.08.2020,23.08.2020,24.08.2020,25.08.2020,26.08.2020,27.08.2020,28.08.2020,29.08.2020,30.08.2020,31.08.2020,01.09.2020,02.09.2020,03.09.2020,04.09.2020,05.09.2020,06.09.2020,07.09.2020,08.09.2020,09.09.2020,10.09.2020,11.09.2020,12.09.2020,13.09.2020,14.09.2020,15.09.2020,16.09.2020,17.09.2020,18.09.2020,19.09.2020,20.09.2020,21.09.2020,22.09.2020,23.09.2020,24.09.2020,25.09.2020,26.09.2020,27.09.2020,28.09.2020,29.09.2020,30.09.2020,01.10.2020,02.10.2020,03.10.2020,04.10.2020,05.10.2020,06.10.2020,07.10.2020,08.10.2020,09.10.2020,10.10.2020,11.10.2020,12.10.2020,13.10.2020,14.10.2020,15.10.2020,16.10.2020,17.10.2020,18.10.2020,19.10.2020,20.10.2020,21.10.2020,22.10.2020,23.10.2020,24.10.2020,25.10.2020,26.10.2020,27.10.2020,28.10.2020,29.10.2020,30.10.2020,31.10.2020,01.11.2020,02.11.2020,03.11.2020,04.11.2020,05.11.2020,06.11.2020,07.11.2020,08.11.2020,09.11.2020,10.11.2020,11.11.2020,12.11.2020,13.11.2020,14.11.2020,15.11.2020,16.11.2020,17.11.2020,18.11.2020,19.11.2020,20.11.2020,21.11.2020,22.11.2020,23.11.2020,24.11.2020,25.11.2020,26.11.2020,27.11.2020,28.11.2020,29.11.2020,30.11.2020,01.12.2020,02.12.2020,03.12.2020,04.12.2020,05.12.2020,06.12.2020,07.12.2020,08.12.2020,09.12.2020,10.12.2020,11.12.2020,12.12.2020,13.12.2020,14.12.2020,15.12.2020,16.12.2020,17.12.2020,18.12.2020,19.12.2020,20.12.2020,21.12.2020,22.12.2020,23.12.2020,24.12.2020,25.12.2020,26.12.2020,27.12.2020,28.12.2020,29.12.2020,30.12.2020,31.12.2020,,,,,,
AG,678.2,0,0,0,0,1,1,1,7,7,10,11,12,13,14,15,18,20,27,30,39,47,56,69,96,134,175,205,235,245,283,318,367,407,440,473,506,554,596,631,673,703,733,763,793,832,853,880,901,909,916,930,945,962,988,1007,1015,1017,1026,1037,1052,1069,1077,1084,1092,1098,1105,1111,1123,1128,1132,1134,1140,1144,1148,1152,1156,1161,1165,1167,1172,1176,1180,1182,1185,1187,1194,1195,1195,1197,1197,1198,1198,1200,1201,1202,1205,1207,1210,1212,1212,1213,1215,1216,1216,1217,1217,1219,1219,1222,1224,1226,1228,1229,1230,1230,1233,1235,1237,1238,1240,1240,1247,1252,1262,1267,1272,1277,1300,1315,1328,1332,1336,1340,1344,1352,1359,1365,1378,1386,1393,1401,1416,1430,1439,1453,1458,1464,1469,1486,1495,1510,1525,1529,1533,1537,1553,1564,1587,1597,1605,1612,1620,1635,1651,1669,1679,1687,1690,1699,1728,1752,1772,1785,1804,1815,1824,1851,1881,1896,1913,1932,1947,1956,1985,2019,2046,2069,2092,2101,2108,2126,2146,2173,2200,2220,2225,2240,2260,2279,2309,2328,2351,2364,2371,2399,2436,2458,2486,2498,2512,2522,2543,2558,2568,2585,2591,2596,2602,2612,2630,2646,2662,2686,2696,2712,2755,2810,2868,2932,2995,3019,3064,3194,3336,3483,3638,3761,3852,3940,4198,4472,4739,5003,5327,5484,5754,6195,6655,7043,7432,7799,8084,8334,8810,9305,9762,10160,10523,10652,10844,11298,11623,11953,12288,12552,12655,12883,13291,13632,14005,14459,14749,14839,15099,15530,15984,16289,16628,16887,17009,17329,17733,18097,18472,18851,19187,19309,19622,20089,20556,#NV,#NV,#NV,#NV,#NV,#NV,#NV,#NV,#NV,#NV,#NV,#NV,#NV,#NV,#NV,#NV,#NV,#NV,#NV,#NV,#NV,#NV,,,,,,
AI,16.1,0,0,0,0,0,0,0,0,0,0,0,0,0,0,0,0,0,0,0,2,3,4,5,6,6,6,7,7,8,8,9,11,12,13,14,14,14,17,20,20,21,21,21,21,23,24,24,24,24,24,24,24,24,24,24,24,24,24,24,25,25,25,25,25,25,25,25,25,25,25,25,25,25,25,25,25,25,25,25,25,25,25,25,25,25,25,25,25,25,25,25,25,25,25,25,25,25,25,25,25,25,25,25,25,25,25,25,25,25,25,25,25,25,25,25,25,25,25,25,25,25,25,25,25,25,25,25,25,25,25,25,25,25,25,25,25,25,25,25,25,25,25,25,25,25,25,25,25,25,25,25,25,25,25,25,25,25,25,25,25,25,25,25,25,25,25,25,25,25,25,25,25,25,25,25,25,25,25,25,25,25,25,25,25,25,25,25,25,25,25,25,25,25,25,25,25,25,25,26,26,26,27,27,27,28,28,31,31,32,32,33,33,36,36,36,37,38,39,39,40,41,42,42,43,43,43,44,47,52,59,66,73,83,92,104,117,127,138,148,156,179,197,212,222,231,239,266,279,303,321,332,343,354,365,389,401,401,413,424,436,446,460,464,471,474,478,481,485,487,490,495,497,499,501,514,517,525,526,529,532,535,544,547,549,553,556,560,563,574,584,#NV,#NV,#NV,#NV,#NV,#NV,#NV,#NV,#NV,#NV,#NV,#NV,#NV,#NV,#NV,#NV,#NV,#NV,#NV,#NV,#NV,#NV,,,,,,
AR,55.2,0,0,0,0,0,0,0,0,0,0,1,1,1,1,2,3,4,5,6,7,8,9,10,11,15,19,22,26,30,33,34,42,44,45,48,50,58,61,64,65,66,67,69,69,72,74,77,77,78,78,79,79,79,82,83,85,86,86,87,88,88,90,92,94,94,94,95,96,96,97,97,97,97,97,97,97,98,98,98,98,99,99,99,99,99,99,99,99,99,99,99,99,99,99,99,100,100,100,100,100,100,100,100,100,100,100,100,100,100,100,100,100,100,100,100,100,100,100,100,100,100,101,101,101,101,102,102,103,103,104,104,104,104,104,104,105,105,105,106,106,106,106,106,106,107,107,107,107,107,107,107,108,108,108,108,108,108,108,109,109,110,110,110,110,110,110,111,112,113,113,115,117,118,119,120,121,122,125,126,127,128,129,130,130,131,131,132,132,133,133,134,134,135,136,137,138,139,139,139,139,142,145,148,151,153,155,157,158,159,160,161,162,163,164,165,167,168,170,175,179,182,185,189,193,197,203,208,214,218,225,233,240,247,266,285,304,317,330,343,376,404,430,482,508,533,559,605,653,692,732,761,790,819,851,892,945,987,1000,1012,1025,1047,1102,1129,1161,1180,1200,1219,1255,1292,1321,1358,1374,1389,1405,1456,1499,1540,1560,1579,1598,1617,1665,1705,1732,1758,1772,1786,1800,1859,1894,#NV,#NV,#NV,#NV,#NV,#NV,#NV,#NV,#NV,#NV,#NV,#NV,#NV,#NV,#NV,#NV,#NV,#NV,#NV,#NV,#NV,#NV,,,,,,
BE,1035.0,0,0,0,0,1,1,2,4,5,6,12,17,23,28,34,43,53,62,77,93,108,123,158,193,282,377,418,444,470,532,624,660,718,767,798,826,856,909,1003,1073,1106,1137,1173,1228,1286,1335,1375,1419,1441,1456,1470,1489,1515,1553,1586,1599,1613,1622,1643,1670,1694,1708,1714,1722,1733,1741,1757,1767,1779,1791,1796,1798,1804,1809,1818,1825,1832,1835,1840,1843,1847,1852,1860,1860,1863,1865,1867,1869,1874,1878,1881,1881,1881,1881,1883,1884,1885,1886,1886,1887,1888,1890,1892,1894,1894,1894,1895,1895,1900,1903,1909,1909,1910,1911,1911,1913,1915,1915,1916,1922,1922,1924,1927,1928,1929,1931,1935,1937,1939,1945,1949,1953,1959,1962,1963,1967,1969,1976,1982,1991,1992,1998,2005,2013,2024,2031,2041,2045,2049,2053,2055,2059,2066,2072,2082,2092,2094,2098,2111,2125,2143,2148,2151,2165,2177,2190,2198,2203,2207,2220,2234,2258,2280,2296,2309,2315,2322,2341,2352,2373,2382,2397,2409,2420,2443,2462,2487,2506,2529,2536,2552,2561,2584,2610,2650,2673,2681,2698,2722,2750,2784,2810,2852,2866,2893,2947,2990,3041,3101,3151,3179,3204,3239,3296,3332,3373,3408,3432,3456,3501,3553,3608,3656,3721,3759,3824,3908,4006,4105,4218,4352,4413,4562,4852,5103,5366,5728,5990,6195,6441,6953,7505,8307,9022,9556,10003,10534,11354,12034,12798,13584,14263,14844,15399,16171,17149,17988,18632,19233,19581,20025,20695,21298,21832,22404,22869,23110,23449,24009,24425,24861,25327,25671,25969,26351,26965,27357,27821,28314,28628,28893,29194,29733,30158,30573,31123,31538,31756,32204,32780,#NV,#NV,#NV,#NV,#NV,#NV,#NV,#NV,#NV,#NV,#NV,#NV,#NV,#NV,#NV,#NV,#NV,#NV,#NV,#NV,#NV,#NV,,,,,,
BL,288.1,0,0,0,0,1,2,2,2,2,2,6,6,15,20,21,24,30,31,48,54,62,85,98,125,143,194,292,299,312,317,353,434,478,514,524,553,578,606,629,646,682,696,708,716,722,739,751,765,770,780,787,800,813,826,830,835,838,842,844,844,850,853,853,853,855,859,861,862,865,865,865,866,867,870,871,872,873,873,874,874,874,874,875,875,875,875,875,875,875,875,875,875,875,875,877,877,878,879,880,880,881,881,882,882,882,882,882,883,883,883,883,883,883,884,884,884,884,885,886,886,886,888,889,891,893,895,896,896,897,898,902,906,906,908,911,914,917,920,921,926,929,932,935,935,938,938,938,938,939,943,945,947,951,951,951,954,955,956,961,963,964,966,973,978,980,982,982,982,982,990,994,996,1000,1012,1012,1015,1016,1020,1029,1038,1043,1045,1046,1051,1057,1061,1066,1075,1076,1077,1083,1088,1095,1096,1100,1104,1104,1112,1116,1123,1131,1137,1137,1137,1145,1147,1152,1153,1156,1156,1158,1160,1162,1164,1170,1174,1175,1177,1178,1180,1186,1191,1201,1207,1210,1221,1235,1248,1266,1283,1299,1316,1367,1395,1454,1506,1559,1586,1627,1706,1778,1844,1942,2061,2144,2215,2300,2411,2526,2646,2789,2936,3093,3251,3340,3521,3623,3739,3783,3839,3987,4128,4259,4389,4537,4625,4697,4881,5023,5171,5307,5452,5551,5632,5793,5970,6121,6276,6397,6513,6597,6754,6928,7060,7217,7380,7463,7595,7803,7991,#NV,#NV,#NV,#NV,#NV,#NV,#NV,#NV,#NV,#NV,#NV,#NV,#NV,#NV,#NV,#NV,#NV,#NV,#NV,#NV,#NV,#NV,,,,,,
BS,194.8,0,0,0,1,1,1,1,1,3,3,8,15,21,24,28,33,49,73,92,100,122,143,164,181,220,270,297,356,374,410,462,501,530,569,605,617,653,687,714,754,767,789,798,808,829,841,854,861,877,888,894,904,912,918,924,927,928,928,928,931,936,938,940,941,943,946,951,952,955,956,958,959,962,965,966,967,969,970,970,970,971,972,974,974,974,975,976,976,976,976,976,976,976,976,976,978,978,978,978,978,979,979,982,982,982,982,983,983,983,983,983,983,983,983,984,984,985,985,985,985,985,985,985,985,985,985,985,985,985,986,988,989,990,990,993,996,999,1004,1006,1008,1009,1014,1016,1018,1022,1024,1025,1026,1032,1032,1033,1034,1035,1036,1038,1039,1043,1052,1054,1064,1068,1069,1073,1079,1081,1082,1083,1085,1087,1092,1098,1110,1115,1135,1140,1144,1149,1160,1165,1169,1179,1183,1185,1185,1190,1196,1205,1210,1213,1215,1219,1226,1229,1233,1237,1241,1247,1254,1258,1263,1265,1265,1272,1274,1278,1279,1282,1289,1291,1293,1293,1296,1296,1299,1302,1305,1309,1311,1312,1317,1320,1326,1339,1346,1350,1356,1370,1385,1401,1412,1428,1462,1483,1512,1521,1548,1590,1635,1667,1686,1729,1804,1878,1981,2062,2103,2195,2274,2403,2488,2576,2653,2723,2800,2907,3013,3076,3152,3224,3267,3363,3458,3608,3751,3870,3964,4041,4151,4290,4395,4505,4600,4707,4772,4850,4959,5105,5198,5276,5368,5424,5508,5607,5731,5815,5935,6010,6064,6158,6276,#NV,#NV,#NV,#NV,#NV,#NV,#NV,#NV,#NV,#NV,#NV,#NV,#NV,#NV,#NV,#NV,#NV,#NV,#NV,#NV,#NV,#NV,,,,,,
FR,318.7,0,0,0,0,0,0,1,2,3,4,6,6,7,7,9,13,16,22,28,35,39,44,58,85,109,143,165,200,223,252,290,306,366,418,439,474,488,522,547,585,635,666,686,726,753,783,793,831,843,856,876,887,904,927,953,977,986,992,1003,1011,1018,1026,1030,1037,1041,1054,1067,1075,1089,1094,1099,1101,1104,1112,1114,1118,1123,1126,1135,1138,1141,1142,1143,1144,1144,1144,1149,1149,1149,1151,1152,1153,1153,1154,1155,1156,1156,1156,1156,1158,1159,1161,1163,1165,1167,1169,1169,1171,1172,1172,1176,1178,1178,1179,1180,1182,1183,1188,1188,1188,1192,1200,1203,1208,1212,1217,1217,1217,1228,1235,1240,1243,1248,1250,1252,1255,1256,1260,1263,1268,1271,1271,1275,1279,1281,1289,1294,1301,1302,1308,1309,1312,1316,1317,1318,1322,1329,1339,1347,1350,1355,1357,1357,1365,1370,1374,1375,1381,1386,1390,1398,1402,1405,1415,1422,1425,1431,1448,1461,1484,1513,1547,1558,1568,1591,1609,1630,1650,1675,1682,1699,1726,1761,1795,1816,1870,1894,1916,1970,2012,2032,2068,2101,2120,2146,2174,2192,2218,2255,2271,2278,2308,2321,2329,2346,2364,2382,2385,2400,2416,2441,2465,2489,2515,2526,2564,2610,2659,2737,2881,2948,3039,3147,3285,3438,3596,3777,4000,4209,4443,4726,5033,5527,6002,6301,6786,7277,7879,8420,9209,9896,10411,10919,11563,12368,13242,13917,14625,15052,15365,15959,16556,17063,17502,17853,18007,18217,18445,18760,19060,19233,19368,19462,19698,19848,20001,20149,20254,20365,20415,20518,20653,20805,20931,21046,21147,21215,21301,21394,21487,#NV,#NV,#NV,#NV,#NV,#NV,#NV,#NV,#NV,#NV,#NV,#NV,#NV,#NV,#NV,#NV,#NV,#NV,#NV,#NV,#NV,#NV,,,,,,
GE,499.5,0,0,1,1,4,8,9,10,13,15,20,29,42,44,59,79,112,153,224,343,425,549,701,911,1139,1307,1445,1549,1703,1820,1959,2160,2321,2527,2638,2855,3109,3289,3582,3793,3928,4013,4137,4312,4442,4533,4577,4627,4650,4694,4751,4814,4879,4923,4967,4977,5004,5038,5067,5101,5120,5137,5142,5159,5179,5196,5205,5223,5228,5234,5240,5249,5256,5263,5269,5278,5279,5284,5294,5298,5305,5310,5312,5313,5314,5316,5323,5329,5331,5333,5333,5333,5336,5339,5341,5345,5350,5350,5351,5354,5356,5358,5360,5363,5363,5364,5364,5366,5366,5370,5370,5370,5372,5372,5373,5373,5377,5381,5381,5382,5386,5388,5390,5393,5393,5394,5402,5406,5407,5412,5414,5417,5419,5426,5430,5434,5442,5450,5454,5456,5462,5474,5496,5510,5523,5536,5540,5557,5587,5615,5660,5701,5742,5753,5815,5859,5921,5975,6007,6037,6060,6095,6127,6158,6193,6238,6264,6297,6333,6389,6421,6464,6494,6521,6540,6581,6619,6649,6689,6729,6744,6766,6793,6828,6866,6914,6958,7002,7035,7074,7129,7176,7228,7271,7304,7325,7365,7406,7448,7497,7538,7594,7619,7669,7730,7802,7860,7921,7970,7995,8041,8108,8157,8197,8236,8268,8283,8318,8373,8433,8509,8571,8639,8676,8766,8900,9013,9168,9333,9507,9588,9777,10084,10357,10622,11010,11309,11464,11824,12464,13016,13796,14648,15246,15641,16409,17619,18819,19838,21205,21970,22335,23043,24133,25466,26649,27585,28238,28575,29529,30401,31203,31868,32407,32761,32941,33382,33771,34160,34484,34724,34881,35003,35251,35575,35772,35966,36178,36305,36368,36567,36767,36928,37075,37247,37318,37355,37392,37429,37466,#NV,#NV,#NV,#NV,#NV,#NV,#NV,#NV,#NV,#NV,#NV,#NV,#NV,#NV,#NV,#NV,#NV,#NV,#NV,#NV,#NV,#NV,,,,,,
GL,40.4,0,0,0,0,0,0,0,0,0,0,0,0,0,0,0,1,1,3,6,8,10,10,12,14,16,20,25,29,31,33,40,43,47,47,50,51,53,56,58,59,61,63,63,63,64,67,76,91,91,92,105,105,106,108,111,111,114,115,117,117,117,120,120,121,121,122,122,122,122,122,122,122,125,125,125,126,126,127,127,127,128,128,128,128,128,128,128,128,128,128,128,128,128,128,128,128,128,128,128,128,128,128,128,128,128,128,128,128,128,128,128,128,128,128,128,128,128,128,128,128,128,129,129,129,129,129,129,129,129,129,129,129,129,129,130,130,131,131,131,131,131,131,133,135,136,136,136,136,137,138,138,138,138,138,138,138,138,139,141,141,141,141,142,144,145,145,145,146,146,147,149,150,150,150,151,151,153,154,156,157,158,160,161,162,162,163,163,163,164,164,166,166,166,166,166,166,166,166,167,167,168,168,168,168,168,169,170,172,172,172,172,174,177,177,178,179,179,180,181,184,186,186,187,189,190,191,192,196,197,201,206,210,218,230,240,248,259,269,280,290,309,315,329,342,354,367,377,401,428,451,471,491,511,546,574,604,623,636,648,661,677,719,737,752,763,775,786,796,814,831,846,851,855,860,883,894,911,927,934,942,949,959,973,994,1024,1034,1044,1054,1083,1132,#NV,#NV,#NV,#NV,#NV,#NV,#NV,#NV,#NV,#NV,#NV,#NV,#NV,#NV,#NV,#NV,#NV,#NV,#NV,#NV,#NV,#NV,,,,,,
GR,198.4,0,0,0,0,2,6,6,9,10,10,11,13,15,16,18,19,27,35,43,49,54,64,101,128,182,226,258,284,300,343,393,433,474,495,519,535,547,592,622,649,657,668,679,684,698,719,730,743,747,750,753,759,764,770,773,778,785,787,791,794,799,800,802,807,809,811,813,814,816,816,816,816,818,818,819,820,820,820,821,822,823,823,823,823,824,824,825,825,826,826,826,826,827,827,827,827,827,827,827,827,828,828,828,828,828,828,828,828,829,829,829,829,829,829,829,829,829,829,829,830,830,830,830,832,834,834,835,836,836,837,838,838,839,840,841,843,845,845,846,848,849,850,850,852,853,853,853,855,857,863,884,897,907,909,912,913,917,922,923,930,932,932,934,936,937,939,940,940,944,946,946,946,950,952,952,953,957,964,971,973,979,979,982,986,991,994,1000,1000,1001,1001,1003,1005,1009,1009,1022,1022,1023,1028,1033,1036,1042,1049,1049,1052,1053,1055,1056,1059,1064,1064,1065,1067,1070,1072,1073,1075,1075,1081,1086,1095,1103,1117,1122,1122,1129,1153,1169,1191,1217,1244,1259,1281,1318,1347,1387,1416,1446,1484,1505,1541,1602,1694,1779,1869,1917,2006,2104,2204,2307,2440,2465,2498,2604,2739,2867,2967,3106,3207,3287,3339,3444,3571,3649,3727,3806,3862,3912,3997,4080,4155,4265,4385,4449,4519,4608,4710,4790,4898,5041,5098,5210,5322,5422,5524,5647,5715,5757,5854,5969,6084,#NV,#NV,#NV,#NV,#NV,#NV,#NV,#NV,#NV,#NV,#NV,#NV,#NV,#NV,#NV,#NV,#NV,#NV,#NV,#NV,#NV,#NV,,,,,,
JU,73.4,0,0,0,0,0,0,0,0,1,1,2,3,4,4,5,6,6,9,10,15,16,19,26,27,32,38,49,51,57,76,89,97,110,115,118,123,132,140,144,145,149,155,159,166,169,174,177,178,178,179,180,183,184,186,187,187,190,190,191,191,191,191,191,191,192,192,193,193,193,193,193,196,196,196,197,197,197,197,197,197,197,197,197,197,197,198,198,199,199,199,199,199,199,200,200,200,200,200,200,200,200,200,200,200,200,200,200,200,200,200,201,201,201,201,201,201,201,201,203,203,203,203,205,206,209,211,211,212,217,222,230,233,239,239,241,244,247,248,251,251,251,252,253,254,254,254,254,254,254,254,254,254,254,254,254,255,255,255,255,255,255,255,255,255,255,255,255,255,255,255,255,256,257,257,257,257,257,258,258,259,259,260,261,261,261,261,262,263,263,263,265,267,268,270,272,272,274,276,278,280,283,284,284,284,286,287,289,292,294,296,297,299,301,303,306,310,311,313,318,319,326,327,334,336,344,365,382,414,434,462,478,495,549,605,678,725,796,831,864,932,1012,1077,1148,1247,1381,1477,1530,1614,1747,1863,1986,2130,2221,2396,2604,2667,2777,2810,2899,2968,3024,3073,3161,3221,3258,3290,3317,3370,3397,3440,3472,3512,3531,3543,3582,3627,3667,3704,3731,3738,3750,3777,3793,3808,3833,3843,3858,3880,3902,3924,#NV,#NV,#NV,#NV,#NV,#NV,#NV,#NV,#NV,#NV,#NV,#NV,#NV,#NV,#NV,#NV,#NV,#NV,#NV,#NV,#NV,#NV,,,,,,
LU,409.6,0,0,0,0,0,0,0,0,0,1,2,3,3,4,5,8,11,13,18,24,31,37,49,61,78,94,117,136,178,211,233,252,316,333,346,367,379,404,426,446,466,476,491,499,510,522,546,555,557,563,571,577,582,594,604,611,615,623,631,635,640,648,649,654,659,667,678,682,683,683,685,685,685,688,689,689,689,690,691,691,693,697,700,701,703,707,710,710,710,710,710,711,711,711,712,712,712,712,712,712,712,712,712,713,713,713,713,713,713,714,714,715,716,717,717,718,718,721,722,722,723,724,726,726,729,730,735,739,740,740,747,748,748,749,752,754,758,763,767,770,773,779,784,787,791,792,792,792,798,807,811,815,816,817,819,827,834,845,852,854,859,864,870,884,890,898,900,903,905,916,928,943,953,956,958,961,966,972,976,980,983,986,989,995,1007,1012,1026,1030,1035,1039,1042,1050,1055,1059,1062,1064,1067,1072,1077,1088,1092,1097,1101,1106,1114,1120,1133,1143,1149,1156,1162,1167,1172,1175,1180,1185,1191,1196,1200,1214,1224,1233,1243,1252,1261,1280,1316,1360,1419,1461,1503,1545,1624,1717,1847,1962,2058,2154,2250,2416,2597,2790,3048,3222,3395,3569,3808,4119,4456,4793,4982,5171,5360,5675,5999,6274,6446,6618,6790,6951,7189,7407,7628,7863,8034,8107,8290,8515,8686,8874,9120,9218,9266,9440,9639,9826,9995,10184,10332,10391,10567,10763,10940,11148,11377,11519,11578,11793,12011,12229,#NV,#NV,#NV,#NV,#NV,#NV,#NV,#NV,#NV,#NV,#NV,#NV,#NV,#NV,#NV,#NV,#NV,#NV,#NV,#NV,#NV,#NV,,,,,,
NE,176.9,0,0,0,0,0,0,1,1,1,8,9,13,18,24,27,31,37,46,59,68,74,93,114,146,175,189,200,216,247,265,280,299,316,337,346,378,402,420,430,444,452,463,485,509,513,545,564,573,583,588,599,612,621,630,633,634,643,648,655,662,665,666,667,672,676,680,685,688,688,689,691,695,700,704,710,710,712,714,716,716,716,716,716,718,719,721,723,723,723,724,724,724,725,725,725,726,726,726,726,727,730,731,732,733,733,735,735,735,735,736,737,737,738,739,740,740,742,743,744,744,745,745,745,746,746,746,747,749,749,751,752,752,752,753,753,753,755,756,756,756,758,759,762,762,766,766,766,768,769,770,771,772,772,773,773,775,778,782,783,786,786,787,789,790,791,794,795,795,799,804,811,818,821,822,823,827,832,833,840,843,845,848,851,853,855,861,870,875,881,882,884,889,898,902,906,916,928,933,946,954,976,982,986,994,1000,1007,1013,1020,1030,1036,1043,1050,1061,1069,1079,1090,1091,1101,1109,1122,1149,1162,1167,1182,1225,1269,1319,1376,1438,1480,1517,1594,1657,1740,1838,1961,2024,2077,2269,2433,2643,2833,3052,3174,3261,3545,3960,4240,4611,4889,5106,5231,5562,5844,6195,6510,6786,6986,7090,7334,7560,7768,7939,8108,8251,8302,8484,8642,8798,8874,8976,9047,9092,9206,9301,9401,9489,9580,9631,9656,9775,9862,9957,10013,10085,10138,10166,10244,10274,10304,#NV,#NV,#NV,#NV,#NV,#NV,#NV,#NV,#NV,#NV,#NV,#NV,#NV,#NV,#NV,#NV,#NV,#NV,#NV,#NV,#NV,#NV,,,,,,
NW,43.2,0,0,0,0,0,0,0,0,0,0,0,0,0,0,0,0,4,5,5,5,8,10,12,18,25,28,33,36,39,42,44,48,54,55,59,63,70,70,76,79,80,80,86,87,93,96,100,103,104,104,105,106,106,107,108,108,108,108,108,108,108,108,110,110,111,111,113,113,113,113,113,113,113,115,115,115,115,117,118,120,122,122,123,123,123,123,123,123,123,123,123,123,123,123,123,123,124,124,124,124,124,124,124,124,124,124,124,124,124,124,124,124,124,124,124,124,124,124,124,124,124,124,124,124,124,124,124,124,124,124,124,124,124,124,124,125,125,126,126,126,126,126,127,127,127,128,128,128,128,128,128,128,128,128,128,128,128,129,129,129,129,129,129,130,130,130,131,131,131,131,131,131,131,131,131,131,131,131,131,131,131,131,131,132,133,133,133,133,133,133,134,134,137,137,138,138,138,138,138,138,139,139,139,139,139,139,140,140,140,141,141,142,142,143,144,144,145,145,146,148,152,154,156,159,161,171,177,186,195,199,204,211,220,233,240,248,258,267,276,287,303,319,335,357,361,375,393,405,429,462,473,504,518,539,585,603,629,657,668,680,707,714,733,744,758,770,789,798,807,822,835,842,853,858,865,881,896,902,918,921,934,944,949,970,990,1012,1037,1044,1054,1073,#NV,#NV,#NV,#NV,#NV,#NV,#NV,#NV,#NV,#NV,#NV,#NV,#NV,#NV,#NV,#NV,#NV,#NV,#NV,#NV,#NV,#NV,,,,,,
OW,37.8,0,0,0,0,0,0,0,0,0,0,0,0,0,0,0,0,0,0,1,4,7,11,15,17,18,20,21,23,24,25,27,30,37,40,43,46,47,49,51,56,57,59,60,60,61,62,62,63,63,64,64,64,65,66,66,67,67,67,67,68,71,72,74,75,78,78,78,78,78,79,79,79,79,79,79,79,79,79,79,79,79,79,79,79,79,80,82,82,82,82,82,82,82,82,82,82,82,82,82,82,82,82,82,82,82,82,82,82,82,82,82,82,82,82,82,82,82,82,82,82,82,82,82,82,82,83,83,83,83,83,83,83,84,84,84,84,87,87,88,88,88,88,88,88,88,89,89,89,90,90,90,90,90,90,90,90,91,92,92,92,92,92,94,94,94,94,94,95,95,95,95,95,95,95,95,95,97,99,100,101,101,101,101,102,105,105,106,106,107,107,107,107,107,107,107,107,107,107,107,108,108,108,108,108,108,109,110,110,111,113,114,116,117,119,120,120,121,121,122,123,123,124,125,126,127,132,145,150,160,163,166,169,171,191,207,221,231,242,252,252,266,275,282,301,321,340,375,381,400,414,420,427,433,455,468,486,518,541,565,588,593,616,633,664,680,697,713,748,756,783,810,844,870,881,898,909,926,949,978,984,1003,1012,1027,1047,1065,1080,1088,1103,1112,1135,#NV,#NV,#NV,#NV,#NV,#NV,#NV,#NV,#NV,#NV,#NV,#NV,#NV,#NV,#NV,#NV,#NV,#NV,#NV,#NV,#NV,#NV,,,,,,
SG,507.7,0,0,0,0,0,0,0,0,0,1,1,4,8,13,17,21,26,30,45,60,76,91,106,133,153,192,215,238,261,291,320,351,373,394,396,433,469,491,513,545,554,560,596,620,633,645,648,656,663,669,678,688,694,706,709,712,724,737,740,746,755,760,760,765,769,775,777,778,779,779,780,781,784,784,786,786,787,787,787,788,788,788,789,789,790,790,790,790,790,790,790,790,790,790,791,791,791,791,791,791,791,791,791,793,794,796,797,799,801,801,801,801,802,802,802,803,804,805,806,807,810,812,816,818,824,831,837,845,849,855,861,865,870,874,880,889,895,896,900,903,905,910,913,918,923,929,934,939,949,955,958,968,973,978,983,988,997,999,1003,1006,1008,1011,1025,1035,1044,1054,1059,1064,1077,1087,1097,1113,1119,1124,1129,1146,1163,1172,1191,1194,1197,1200,1210,1220,1229,1231,1234,1238,1241,1249,1262,1271,1288,1297,1306,1315,1340,1353,1371,1388,1396,1405,1413,1435,1454,1482,1503,1516,1528,1541,1567,1583,1593,1605,1610,1614,1619,1636,1661,1684,1721,1742,1764,1785,1860,1911,1988,2057,2154,2193,2219,2407,2560,2751,2918,3114,3204,3263,3653,4002,4391,4731,5134,5274,5336,6032,6562,7008,7475,7960,8127,8222,8918,9434,9891,10213,10678,10809,10885,11492,11905,12260,12580,12922,13035,13112,13646,14049,14382,14683,15027,15138,15198,15689,16041,16373,16609,17018,17163,17247,17828,18197,18594,18940,19350,19489,19561,20133,20413,20693,#NV,#NV,#NV,#NV,#NV,#NV,#NV,#NV,#NV,#NV,#NV,#NV,#NV,#NV,#NV,#NV,#NV,#NV,#NV,#NV,#NV,#NV,,,,,,
SH,82.0,0,0,0,0,0,0,0,0,0,0,0,0,0,0,0,0,1,1,1,1,1,2,2,8,12,17,28,30,32,34,35,36,37,40,41,42,44,44,47,47,47,49,50,50,50,52,53,55,57,57,57,59,60,60,61,62,63,63,63,65,70,71,72,73,74,74,75,75,75,75,75,75,75,76,76,76,78,78,78,78,78,78,78,78,78,78,78,78,78,78,78,78,78,78,78,78,78,78,78,78,78,78,78,78,79,79,79,79,79,79,80,80,81,81,81,81,81,81,81,81,81,81,81,81,82,82,83,83,83,83,83,84,84,85,86,86,86,86,88,89,90,94,96,98,100,100,100,101,102,103,105,105,105,106,106,109,115,116,117,118,120,121,124,131,132,135,136,136,137,139,147,147,151,153,155,157,158,159,160,160,160,161,161,162,162,162,162,163,163,164,165,166,166,167,167,168,168,171,175,176,177,177,177,177,177,178,181,182,183,184,185,185,187,188,188,190,191,193,193,197,203,206,208,211,213,216,222,227,236,239,242,245,252,263,268,277,288,300,311,326,337,368,395,440,485,530,550,569,616,656,693,731,768,781,838,883,928,960,993,1025,1056,1105,1159,1200,1233,1266,1299,1316,1375,1440,1492,1518,1544,1570,1600,1646,1695,1745,1779,1814,1848,1884,1948,1975,2034,2071,2108,2145,2179,2219,#NV,#NV,#NV,#NV,#NV,#NV,#NV,#NV,#NV,#NV,#NV,#NV,#NV,#NV,#NV,#NV,#NV,#NV,#NV,#NV,#NV,#NV,,,,,,
SO,273.2,0,0,0,0,0,0,0,0,0,0,0,1,1,2,3,3,4,6,8,11,20,29,39,48,57,66,76,85,95,104,129,141,157,173,190,193,196,216,227,237,250,258,261,264,276,282,294,306,315,321,325,329,343,350,353,355,355,359,368,375,376,379,380,382,383,384,388,390,392,398,400,402,403,406,407,411,416,420,421,423,425,427,429,430,432,434,436,439,439,439,439,439,439,439,440,440,441,442,442,443,445,446,446,446,446,446,446,446,447,447,448,448,448,448,449,449,451,451,451,451,451,452,453,453,454,455,456,459,461,463,464,466,468,472,475,479,481,484,486,489,491,493,497,499,500,501,502,503,505,506,509,511,514,516,519,521,522,524,526,529,532,535,536,544,545,548,551,555,558,563,573,589,598,603,608,613,625,635,640,643,646,648,651,652,660,666,687,692,697,702,702,713,718,721,724,728,731,735,737,739,744,748,751,755,759,776,783,792,798,804,810,816,821,833,846,851,856,861,866,875,885,893,901,908,916,921,945,962,979,995,1012,1029,1049,1085,1119,1158,1198,1237,1276,1331,1395,1496,1596,1688,1779,1871,1971,2104,2257,2410,2532,2655,2777,2899,3066,3234,3414,3547,3680,3813,3902,4071,4214,4354,4445,4537,4628,4725,4888,5017,5165,5245,5326,5406,5524,5683,5817,5966,6055,6144,6233,6337,6509,6656,6811,6952,7094,7235,7353,7554,#NV,#NV,#NV,#NV,#NV,#NV,#NV,#NV,#NV,#NV,#NV,#NV,#NV,#NV,#NV,#NV,#NV,#NV,#NV,#NV,#NV,#NV,,,,,,
SZ,159.2,0,0,0,0,0,0,0,0,1,3,5,6,6,7,7,7,8,9,9,11,13,20,27,35,44,52,60,69,77,97,102,107,119,122,128,135,140,146,155,165,168,170,178,185,196,213,215,249,251,251,258,261,265,266,266,268,272,276,282,282,284,287,293,293,295,295,302,303,304,304,305,305,305,305,305,306,306,306,306,306,307,307,307,307,307,307,307,307,307,307,307,307,307,307,307,307,307,307,307,307,307,307,307,307,307,307,307,307,308,308,308,308,308,308,308,308,309,309,309,313,313,316,317,320,323,323,328,328,332,336,339,342,342,342,349,353,356,358,362,362,363,366,371,373,374,375,375,376,378,380,382,384,386,386,386,390,394,401,403,405,405,405,408,411,416,416,418,418,418,427,429,431,432,436,436,439,439,451,452,459,460,460,464,474,479,484,484,485,485,490,491,493,494,496,500,500,508,511,512,518,524,527,527,535,536,541,544,544,544,544,551,551,556,564,565,567,567,570,573,584,593,602,616,616,642,676,714,770,839,880,880,974,1029,1123,1242,1352,1417,1417,1596,1686,1845,1961,2066,2165,2165,2443,2595,2758,2877,2993,3142,3142,3384,3481,3577,3684,3765,3863,3863,3958,3982,4053,4113,4190,4237,4237,4321,4355,4415,4498,4559,4614,4614,4709,4744,4811,4889,4957,5004,5004,5093,5157,5240,5314,5406,5464,5464,5563,5617,5681,#NV,#NV,#NV,#NV,#NV,#NV,#NV,#NV,#NV,#NV,#NV,#NV,#NV,#NV,#NV,#NV,#NV,#NV,#NV,#NV,#NV,#NV,,,,,,
TG,276.5,0,0,0,0,0,0,0,0,0,0,0,1,1,1,1,3,5,8,11,14,17,20,27,42,49,57,71,78,84,93,110,115,129,138,146,156,167,183,195,207,213,218,227,248,260,266,280,285,292,295,301,309,320,329,332,334,338,340,351,357,358,359,359,360,362,363,365,370,370,371,371,372,373,373,373,374,374,374,374,376,377,377,377,377,377,377,377,377,378,378,378,378,378,378,379,379,381,381,381,381,381,381,381,381,381,382,382,382,382,382,382,382,382,383,383,383,383,383,383,384,385,387,389,391,391,392,393,396,399,400,400,401,402,402,404,408,408,408,409,410,411,414,422,425,428,430,434,434,436,441,443,446,450,452,453,456,459,463,465,466,468,469,470,473,476,479,486,493,500,502,507,517,522,524,529,532,544,546,550,556,556,557,561,566,567,567,575,577,577,577,581,582,587,590,590,590,593,605,611,623,632,637,638,641,660,662,674,686,687,687,689,690,696,699,705,707,712,715,722,731,737,751,762,769,778,802,827,862,899,899,914,923,971,1026,1101,1147,1265,1269,1305,1463,1594,1760,1888,2018,2072,2209,2511,2710,2874,3030,3177,3229,3372,3578,3747,3983,4131,4204,4253,4372,4536,4746,4877,4947,5020,5074,5221,5340,5513,5643,5735,5847,5883,5978,6164,6333,6460,6553,6692,6753,6910,7040,7263,7447,7548,7733,7806,7943,8111,8113,#NV,#NV,#NV,#NV,#NV,#NV,#NV,#NV,#NV,#NV,#NV,#NV,#NV,#NV,#NV,#NV,#NV,#NV,#NV,#NV,#NV,#NV,,,,,,
TI,353.3,0,1,1,1,1,1,1,4,8,13,25,33,41,49,61,95,129,163,206,265,293,368,426,511,638,849,916,945,1162,1209,1354,1401,1688,1727,1837,1962,2091,2195,2271,2377,2442,2508,2546,2599,2659,2714,2776,2818,2869,2900,2912,2927,2953,2977,2994,3032,3058,3065,3089,3106,3121,3142,3161,3169,3176,3191,3210,3218,3225,3235,3238,3239,3245,3253,3257,3260,3265,3268,3268,3272,3272,3279,3280,3284,3285,3285,3287,3301,3304,3304,3305,3306,3308,3308,3310,3313,3313,3315,3315,3315,3315,3316,3316,3316,3316,3316,3316,3316,3317,3317,3318,3321,3321,3321,3323,3324,3324,3325,3325,3326,3327,3327,3327,3327,3327,3327,3328,3329,3329,3334,3341,3342,3346,3351,3355,3363,3365,3367,3370,3370,3375,3376,3381,3390,3393,3399,3403,3407,3413,3415,3416,3417,3418,3420,3421,3424,3428,3431,3435,3437,3440,3442,3442,3445,3446,3449,3450,3452,3453,3458,3460,3463,3466,3467,3469,3470,3476,3486,3492,3500,3504,3508,3512,3519,3523,3531,3533,3536,3538,3541,3543,3548,3551,3556,3558,3559,3561,3565,3567,3571,3577,3581,3586,3590,3590,3596,3604,3608,3611,3615,3618,3621,3627,3629,3634,3635,3636,3637,3640,3646,3651,3661,3668,3675,3682,3699,3738,3778,3818,3848,3877,3907,3952,4054,4133,4245,4341,4491,4517,4654,4909,5032,5327,5584,5840,5987,6222,6530,6910,7256,7660,7892,8225,8480,8858,9310,9682,10052,10238,10389,10712,11194,11530,11876,12221,12480,12610,12826,13119,13374,13623,13902,14129,14269,14465,14718,14932,15211,15457,15667,15795,15961,16222,16492,16815,17034,17258,17374,17569,17841,#NV,#NV,#NV,#NV,#NV,#NV,#NV,#NV,#NV,#NV,#NV,#NV,#NV,#NV,#NV,#NV,#NV,#NV,#NV,#NV,#NV,#NV,,,,,,
UR,36.4,0,0,0,0,0,0,0,0,0,0,0,0,0,0,0,0,0,2,3,3,4,4,5,5,7,7,12,17,22,25,32,38,40,48,50,53,57,59,60,62,66,67,67,68,72,72,74,75,77,78,78,78,78,78,78,78,78,78,78,78,78,78,80,83,85,85,86,87,89,90,91,91,91,92,92,92,92,92,92,92,92,93,93,93,93,93,93,93,93,93,93,93,93,93,93,93,93,93,93,93,93,93,93,93,93,93,93,93,93,93,93,93,93,93,93,93,93,93,93,93,93,93,93,94,94,95,95,97,103,104,104,105,105,106,107,108,109,109,109,109,109,110,111,111,111,112,112,112,113,114,115,115,115,115,115,115,116,116,116,116,117,117,117,117,117,117,117,117,117,119,120,121,123,124,125,126,127,129,129,129,130,131,132,134,136,136,137,137,137,137,137,137,137,137,137,137,138,138,138,138,138,138,139,139,139,139,139,139,139,140,140,141,141,141,141,141,141,141,142,142,143,146,148,149,151,151,165,167,173,176,179,182,184,193,196,199,210,221,232,238,262,272,282,300,317,335,344,381,402,423,444,465,486,486,529,541,554,566,577,589,599,614,628,643,675,706,719,750,774,779,818,828,839,849,869,879,889,908,914,921,927,949,949,963,982,993,1003,1014,1030,1043,#NV,#NV,#NV,#NV,#NV,#NV,#NV,#NV,#NV,#NV,#NV,#NV,#NV,#NV,#NV,#NV,#NV,#NV,#NV,#NV,#NV,#NV,,,,,,
VD,799.1,0,0,0,0,1,2,3,4,5,7,15,23,30,40,51,130,203,277,370,477,566,797,1040,1304,1515,1755,1874,1976,2282,2547,2739,2944,3178,3309,3394,3606,3765,3917,4051,4186,4258,4297,4416,4496,4587,4684,4732,4772,4809,4853,4920,4969,4998,5030,5048,5059,5091,5122,5143,5174,5196,5209,5217,5235,5257,5271,5284,5301,5310,5315,5323,5334,5353,5358,5369,5376,5377,5384,5394,5403,5408,5412,5412,5414,5418,5422,5426,5426,5431,5437,5439,5439,5442,5444,5446,5449,5450,5451,5451,5455,5457,5460,5462,5464,5466,5467,5470,5471,5475,5482,5482,5483,5486,5494,5499,5501,5507,5509,5511,5522,5528,5537,5540,5546,5548,5556,5572,5589,5598,5623,5636,5639,5646,5659,5675,5691,5703,5717,5726,5732,5745,5765,5781,5795,5811,5821,5827,5840,5846,5857,5868,5883,5895,5902,5923,5951,5991,6013,6032,6059,6072,6091,6105,6124,6142,6164,6180,6186,6212,6237,6261,6299,6323,6348,6367,6401,6443,6491,6566,6629,6674,6705,6773,6841,6906,6982,7063,7124,7171,7264,7360,7456,7576,7712,7810,7870,7993,8110,8255,8434,8612,8704,8806,8936,9096,9239,9414,9529,9609,9673,9765,9901,10022,10103,10187,10238,10267,10340,10426,10505,10610,10699,10797,10885,11017,11171,11365,11562,11772,11967,12111,12367,12672,12992,13456,13834,14155,14511,15094,15779,16564,17383,18400,19010,19561,20815,22110,23398,24679,25844,26709,27532,29128,30503,31885,33130,34302,35144,35887,37241,38540,39549,40495,41353,41988,42364,43161,43826,44390,44926,45380,45748,46000,46530,46890,47310,47703,48020,48235,48425,48777,49085,49456,49817,50164,50415,50578,50868,51158,51448,#NV,#NV,#NV,#NV,#NV,#NV,#NV,#NV,#NV,#NV,#NV,#NV,#NV,#NV,#NV,#NV,#NV,#NV,#NV,#NV,#NV,#NV,,,,,,
VS,344.0,0,0,0,0,1,1,2,4,4,5,6,6,7,14,18,23,30,55,71,92,103,162,215,297,335,430,481,518,614,715,784,860,952,998,1032,1117,1185,1254,1301,1351,1384,1399,1467,1505,1542,1569,1601,1625,1638,1652,1681,1694,1711,1728,1737,1746,1765,1773,1780,1795,1804,1809,1811,1829,1839,1846,1852,1856,1858,1860,1868,1870,1874,1875,1879,1880,1881,1885,1885,1886,1888,1897,1900,1900,1902,1903,1903,1904,1904,1904,1905,1907,1910,1912,1912,1912,1912,1914,1915,1916,1916,1918,1920,1921,1923,1928,1929,1933,1937,1941,1941,1941,1946,1950,1951,1952,1960,1964,1966,1970,1976,1986,1994,2002,2006,2007,2015,2019,2022,2026,2030,2032,2034,2037,2040,2040,2042,2044,2049,2052,2055,2060,2062,2063,2067,2067,2068,2071,2073,2076,2078,2080,2080,2081,2083,2088,2097,2105,2107,2110,2111,2114,2122,2126,2132,2139,2145,2148,2159,2166,2174,2182,2189,2194,2199,2208,2214,2222,2230,2248,2259,2262,2276,2290,2301,2310,2325,2327,2327,2335,2345,2359,2376,2389,2397,2399,2408,2417,2423,2436,2445,2455,2462,2481,2489,2509,2534,2546,2551,2557,2573,2587,2605,2620,2626,2631,2635,2650,2664,2690,2706,2737,2754,2771,2806,2867,2970,3065,3204,3285,3361,3590,3812,4111,4422,4819,5102,5300,5866,6425,7095,7774,8534,9056,9432,10313,11202,11969,12755,13559,14028,14346,15196,15878,16417,16960,17418,17755,18091,18428,18854,19197,19515,19818,20025,20233,20440,20722,20935,21130,21282,21401,21495,21715,21880,22025,22168,22324,22401,22475,22639,22765,22884,23010,23148,23210,23273,23441,23506,23520,#NV,#NV,#NV,#NV,#NV,#NV,#NV,#NV,#NV,#NV,#NV,#NV,#NV,#NV,#NV,#NV,#NV,#NV,#NV,#NV,#NV,#NV,,,,,,
ZG,126.8,0,0,0,0,0,0,0,0,1,1,2,3,3,3,10,10,11,11,11,13,13,20,29,33,37,48,53,53,53,72,80,87,94,101,101,112,114,125,131,138,146,146,152,157,162,165,168,168,168,170,171,171,171,172,174,175,175,176,176,178,180,181,181,185,185,185,189,189,189,189,190,191,191,192,192,193,193,193,194,195,197,198,199,199,199,199,199,199,199,201,202,202,202,202,202,202,202,202,202,202,202,202,202,202,202,203,205,207,207,211,211,211,213,214,215,215,215,215,215,216,216,218,219,221,221,221,223,225,227,229,233,235,235,238,240,241,243,245,248,250,250,255,257,259,259,259,259,261,265,268,270,271,271,271,272,273,279,284,288,288,288,293,296,296,296,297,297,297,302,305,307,309,312,312,312,315,317,319,321,323,323,323,334,338,340,341,344,344,344,349,353,354,361,371,371,371,377,384,386,388,392,392,392,404,408,409,410,414,414,414,416,417,423,424,429,429,429,432,433,441,447,450,467,484,485,510,536,564,591,619,662,670,700,746,792,845,904,957,962,1014,1075,1149,1212,1286,1354,1403,1469,1544,1608,1674,1776,1814,1845,1895,1967,2062,2133,2183,2238,2276,2313,2369,2425,2506,2561,2608,2644,2701,2766,2835,2883,2943,2982,3025,3068,3126,3186,3227,3289,3329,3356,3400,3456,3525,3571,3641,3641,3706,3771,3836,#NV,#NV,#NV,#NV,#NV,#NV,#NV,#NV,#NV,#NV,#NV,#NV,#NV,#NV,#NV,#NV,#NV,#NV,#NV,#NV,#NV,#NV,,,,,,
ZH,1521.0,0,0,0,2,2,6,7,10,13,15,23,29,34,40,49,62,101,140,163,218,250,326,429,568,679,711,918,977,1066,1212,1356,1488,1614,1688,1720,1846,1934,2123,2287,2415,2448,2478,2592,2675,2769,2866,2906,2964,2981,2998,3045,3091,3126,3149,3188,3215,3231,3256,3295,3310,3335,3366,3369,3387,3402,3431,3442,3455,3458,3462,3464,3480,3495,3505,3515,3520,3523,3528,3530,3536,3541,3543,3548,3550,3554,3558,3562,3563,3565,3567,3568,3570,3576,3579,3584,3590,3596,3596,3596,3598,3601,3609,3615,3619,3619,3619,3619,3622,3624,3626,3629,3634,3641,3648,3658,3663,3664,3671,3676,3679,3683,3699,3707,3726,3738,3749,3758,3786,3834,3890,3913,3926,3934,3953,3978,4001,4020,4040,4051,4069,4086,4113,4145,4160,4189,4204,4217,4232,4270,4297,4321,4344,4358,4364,4384,4409,4454,4484,4515,4538,4549,4561,4580,4631,4666,4698,4739,4755,4794,4858,4910,4966,5026,5087,5116,5160,5227,5296,5371,5454,5498,5539,5571,5621,5738,5834,5922,5985,6038,6058,6126,6218,6290,6386,6464,6506,6549,6644,6705,6790,6878,6954,7001,7020,7071,7134,7219,7300,7343,7397,7438,7482,7542,7602,7668,7744,7775,7794,7855,7990,8087,8219,8318,8518,8559,8719,8902,9050,9285,9554,9764,9937,10167,10395,10735,11449,11989,12513,12718,13044,14028,14805,15489,16243,17315,17793,18490,19513,20875,21893,22949,23848,24276,24734,25831,27029,28671,29109,29971,30443,31158,32170,32983,33763,34482,35085,35455,36319,37284,38066,38790,39517,39869,40193,40987,41799,42465,43227,43956,44376,44751,45532,46474,47244,48218,49014,49472,49978,50991,52051,#NV,#NV,#NV,#NV,#NV,#NV,#NV,#NV,#NV,#NV,#NV,#NV,#NV,#NV,#NV,#NV,#NV,#NV,#NV,#NV,#NV,#NV,,,,,,
FL,38.6,0,0,0,0,0,0,0,0,0,1,1,1,1,1,1,1,1,3,4,5,7,10,12,19,24,28,37,44,46,51,51,53,56,60,61,62,64,68,72,75,76,77,77,78,78,79,79,79,79,80,80,80,80,80,81,81,81,81,81,81,81,82,82,82,82,82,82,82,82,82,82,82,82,82,82,82,82,82,82,82,82,82,82,82,82,82,82,82,82,82,82,82,82,82,82,82,82,82,82,82,82,82,82,82,82,82,82,82,82,82,82,82,82,82,82,82,82,82,82,82,82,82,82,82,82,82,82,82,82,82,83,83,83,84,84,84,84,84,84,84,84,84,84,85,85,85,86,86,86,86,86,86,86,86,86,86,87,88,88,88,88,88,88,88,88,88,88,88,88,88,89,90,90,91,91,91,94,97,98,99,99,99,99,100,102,104,105,106,107,107,107,107,107,107,107,107,107,107,107,108,109,109,111,111,111,111,111,112,112,113,113,114,115,116,116,117,117,117,117,118,118,119,120,123,126,127,130,131,136,139,144,148,149,170,177,192,217,224,224,235,252,282,324,340,365,402,428,450,476,513,533,598,598,631,659,692,741,765,801,801,846,877,905,928,970,989,989,1002,1051,1072,1094,1109,1156,1156,1158,1183,1208,1231,1253,1253,1270,1286,1318,1339,1351,1378,1396,1397,1404,1432,#NV,#NV,#NV,#NV,#NV,#NV,#NV,#NV,#NV,#NV,#NV,#NV,#NV,#NV,#NV,#NV,#NV,#NV,#NV,#NV,#NV,#NV,,,,,,
CH,8583.1,0,1,2,5,15,29,36,58,77,106,166,225,294,356,441,633,889,1189,1549,2016,2377,3106,3949,5022,6124,7318,8295,8921,10035,11100,12247,13304,14667,15513,16116,17175,18166,19239,20307,21292,21882,22313,23007,23686,24351,24974,25412,25863,26114,26356,26694,27004,27315,27627,27877,28052,28249,28422,28639,28844,29029,29182,29258,29396,29523,29663,29806,29917,29989,30049,30100,30163,30246,30315,30379,30430,30472,30517,30563,30607,30651,30697,30730,30747,30771,30802,30838,30866,30887,30906,30917,30924,30945,30958,30979,31004,31024,31035,31040,31055,31073,31097,31119,31137,31146,31161,31172,31189,31214,31242,31262,31276,31301,31328,31352,31370,31401,31432,31449,31485,31516,31585,31631,31699,31748,31798,31873,31979,32096,32244,32344,32400,32455,32530,32628,32731,32818,32912,32990,33062,33135,33261,33405,33506,33628,33708,33769,33852,33996,34126,34271,34415,34528,34581,34719,34888,35119,35328,35481,35625,35729,35837,35977,36185,36347,36519,36651,36749,36922,37190,37426,37710,37930,38153,38286,38483,38755,39063,39375,39696,39908,40097,40322,40600,40979,41321,41703,41976,42196,42412,42740,43104,43521,43945,44293,44536,44871,45270,45691,46199,46678,47051,47358,47690,48130,48630,49149,49601,49941,50217,50524,50917,51300,51635,51967,52246,52417,52657,52999,53504,54042,54578,55098,55657,56235,57197,58400,59663,61190,62584,63631,65268,67421,70067,73006,76497,79530,82022,85403,89818,95736,101664,108619,114285,118963,125880,133992,142622,151441,160354,167380,172741,180311,188146,197395,206514,215039,220734,225379,231234,238123,245298,251546,257380,262073,265233,269454,274525,279883,284593,289114,292757,295072,298723,303083,307801,311747,315972,319415,321569,325095,329050,333724,337934,342479,346153,348418,351862,356017,360346,#NV,#NV,#NV,#NV,#NV,#NV,#NV,#NV,#NV,#NV,#NV,#NV,#NV,#NV,#NV,#NV,#NV,#NV,#NV,#NV,#NV,#NV,,,,,,
CH_Dayli,,0,1,1,3,10,14,7,22,19,29,60,59,69,62,85,192,256,300,360,467,361,729,843,1073,1102,1194,977,626,1114,1065,1147,1057,1363,846,603,1059,991,1073,1068,985,590,431,694,679,665,623,438,451,251,242,338,310,311,312,250,175,197,173,217,205,185,153,76,138,127,140,143,111,72,60,51,63,83,69,64,51,42,45,46,44,44,46,33,17,24,31,36,28,21,19,11,7,21,13,21,25,20,11,5,15,18,24,22,18,9,15,11,17,25,28,20,14,25,27,24,18,31,31,17,36,31,69,46,68,49,50,75,106,117,148,100,56,55,75,98,103,87,94,78,72,73,126,144,101,122,80,61,83,144,130,145,144,113,53,138,169,231,209,153,144,104,108,140,208,162,172,132,98,173,268,236,284,220,223,133,197,272,308,312,321,212,189,225,278,379,342,382,273,220,216,328,364,417,424,348,243,335,399,421,508,479,373,307,332,440,500,519,452,340,276,307,393,383,335,332,279,171,240,342,505,538,536,520,559,578,962,1203,1263,1527,1394,1047,1637,2153,2646,2939,3491,3033,2492,3381,4415,5918,5928,6955,5666,4678,6917,8112,8630,8819,8913,7026,5361,7570,7835,9249,9119,8525,5695,4645,5855,6889,7175,6248,5834,4693,3160,4221,5071,5358,4710,4521,3643,2315,3651,4360,4718,3946,4225,3443,2154,3526,3955,4674,4210,4545,3674,2265,3444,4155,4329,#NV,#NV,#NV,#NV,#NV,#NV,#NV,#NV,#NV,#NV,#NV,#NV,#NV,#NV,#NV,#NV,#NV,#NV,#NV,#NV,#NV,#NV,,,,,,
CasesN,,0,0,0,1,2,3,4,7,9,12,19,26,34,41,51,74,104,139,180,235,277,362,460,585,713,853,966,1039,1169,1293,1427,1550,1709,1807,1878,2001,2116,2242,2366,2481,2549,2600,2681,2760,2837,2910,2961,3013,3042,3071,3110,3146,3182,3219,3248,3268,3291,3311,3337,3361,3382,3400,3409,3425,3440,3456,3473,3486,3494,3501,3507,3514,3524,3532,3539,3545,3550,3555,3561,3566,3571,3576,3580,3582,3585,3589,3593,3596,3599,3601,3602,3603,3605,3607,3609,3612,3615,3616,3616,3618,3620,3623,3626,3628,3629,3631,3632,3634,3637,3640,3642,3644,3647,3650,3653,3655,3658,3662,3664,3668,3672,3680,3685,3693,3699,3705,3713,3726,3739,3757,3768,3775,3781,3790,3801,3813,3824,3835,3844,3852,3861,3875,3892,3904,3918,3927,3934,3944,3961,3976,3993,4010,4023,4029,4045,4065,4092,4116,4134,4151,4163,4175,4192,4216,4235,4255,4270,4282,4302,4333,4360,4394,4419,4445,4461,4484,4515,4551,4588,4625,4650,4672,4698,4730,4774,4814,4859,4891,4916,4941,4980,5022,5071,5120,5160,5189,5228,5274,5323,5383,5438,5482,5518,5556,5608,5666,5726,5779,5819,5851,5886,5932,5977,6016,6055,6087,6107,6135,6175,6234,6296,6359,6419,6484,6552,6664,6804,6951,7129,7292,7414,7604,7855,8163,8506,8913,9266,9556,9950,10465,11154,11845,12655,13315,13860,14666,15611,16617,17644,18683,19501,20126,21008,21921,22998,24061,25054,25717,26259,26941,27743,28579,29307,29987,30534,30902,31394,31984,32609,33157,33684,34109,34378,34804,35312,35861,36321,36813,37214,37465,37876,38337,38882,39372,39902,40330,40594,40995,41479,41983,#NV,#NV,#NV,#NV,#NV,#NV,#NV,#NV,#NV,#NV,#NV,#NV,#NV,#NV,#NV,#NV,#NV,#NV,#NV,#NV,#NV,#NV,,,,,,
CincN,,0,0,0,0,1,2,1,3,2,3,7,7,8,7,10,22,30,35,42,54,42,85,98,125,128,139,114,73,130,124,134,123,159,99,70,123,115,125,124,115,69,50,81,79,77,73,51,53,29,28,39,36,36,36,29,20,23,20,25,24,22,18,9,16,15,16,17,13,8,7,6,7,10,8,7,6,5,5,5,5,5,5,4,2,3,4,4,3,2,2,1,1,2,2,2,3,2,1,1,2,2,3,3,2,1,2,1,2,3,3,2,2,3,3,3,2,4,4,2,4,4,8,5,8,6,6,9,12,14,17,12,7,6,9,11,12,10,11,9,8,9,15,17,12,14,9,7,10,17,15,17,17,13,6,16,20,27,24,18,17,12,13,16,24,19,20,15,11,20,31,27,33,26,26,15,23,32,36,36,37,25,22,26,32,44,40,45,32,26,25,38,42,49,49,41,28,39,46,49,59,56,43,36,39,51,58,60,53,40,32,36,46,45,39,39,33,20,28,40,59,63,62,61,65,67,112,140,147,178,162,122,191,251,308,342,407,353,290,394,514,689,691,810,660,545,806,945,1005,1027,1038,819,625,882,913,1078,1062,993,664,541,682,803,836,728,680,547,368,492,591,624,549,527,424,270,425,508,550,460,492,401,251,411,461,545,490,530,428,264,401,484,504,#NV,#NV,#NV,#NV,#NV,#NV,#NV,#NV,#NV,#NV,#NV,#NV,#NV,#NV,#NV,#NV,#NV,#NV,#NV,#NV,#NV,#NV,,,,,,
SdG,,0,0,1,2,12,22,28,44,55,72,108,146,198,238,295,430,600,812,1078,1395,1652,2181,2804,3571,4363,5224,5835,6293,7004,7766,8522,9313,10122,10780,11187,11911,12607,13286,14026,14684,15121,15421,15889,16368,16814,17227,17505,17787,17942,18113,18357,18575,18784,19004,19177,19268,19398,19508,19624,19771,19895,19972,20014,20110,20198,20278,20364,20440,20497,20534,20574,20616,20673,20718,20764,20801,20828,20860,20902,20931,20963,20994,21015,21024,21038,21058,21081,21091,21106,21123,21132,21135,21148,21158,21168,21183,21194,21202,21207,21219,21232,21246,21262,21273,21281,21293,21303,21315,21333,21358,21373,21378,21394,21412,21423,21433,21459,21478,21488,21514,21535,21578,21606,21648,21672,21699,21746,21804,21859,21932,21984,22015,22049,22090,22138,22186,22234,22295,22342,22386,22428,22507,22589,22650,22725,22772,22805,22862,22939,23017,23123,23221,23304,23339,23445,23564,23720,23868,23968,24076,24153,24235,24329,24445,24547,24660,24730,24789,24896,25058,25198,25361,25486,25626,25710,25830,25977,26159,26354,26558,26711,26845,27009,27196,27413,27631,27874,28064,28213,28384,28620,28856,29164,29465,29713,29897,30144,30407,30732,31101,31450,31713,31947,32211,32546,32916,33280,33601,33867,34055,34268,34582,34862,35093,35322,35502,35617,35801,36029,36320,36680,37007,37350,37649,38044,38684,39443,40282,41231,42168,42853,43916,45419,47197,49138,51236,53166,54744,57121,60203,63876,67905,72771,76720,79611,84436,90159,96117,101846,108039,112765,116424,121795,127563,134018,140263,145605,149813,152897,156966,161807,166342,170490,174241,177295,179237,181881,184906,188010,190772,193338,195452,196873,199096,201493,204150,206381,208590,210417,211620,213493,215556,217885,220026,222227,224162,225355,226980,229003,231139,#NV,#NV,#NV,#NV,#NV,#NV,#NV,#NV,#NV,#NV,#NV,#NV,#NV,#NV,#NV,#NV,#NV,#NV,#NV,#NV,#NV,#NV,,,,,,
https://github.com/openZH/covid_19,,,,,,,,,,,,,,,,,,,,,,,,,,,,,,,,,,,,,,,,,,,,,,,,,,,,,,,,,,,,,,,,,,,,,,,,,,,,,,,,,,,,,,,,,,,,,,,,,,,,,,,,,,,,,,,,,,,,,,,,,,,,,,,,,,,,,,,,,,,,,,,,,,,,,,,,,,,,,,,,,,,,,,,,,,,,,,,,,,,,,,,,,,,,,,,,,,,,,,,,,,,,,,,,,,,,,,,,,,,,,,,,,,,,,,,,,,,,,,,,,,,,,,,,,,,,,,,,,,,,,,,,,,,,,,,,,,,,,,,,,,,,,,,,,,,,,,,,,,,,,,,,,,,,,,,,,,,,,,,
,,,,,,,,,,,,,,,,,,,,,,,,,,,,,,,,,,,,,,,,,,,,,,,,,,,,,,,,,,,,,,,,,,,,,,,,,,,,,,,,,,,,,,,,,,,,,,,,,,,,,,,,115,,,,,,,,,,,,,,,,,,,,,,,,,,,,,,,,,,,,,,,,,,,,,,,,,,,,,,,,,,,,,,,,,,,,,,,,,,,,,,,,,,,,,,,,,,,,,,,,,,,,,,,,,,,,,,,,,,,,,,,,,,,,,,,,,,,,,,,,,,,,,,,,,,,,,,,,,,,,,,,,,,,,,,,,,,,,,,,,,,,,,,,,,,,,,,,,,,,,,,,,,,,,,,,,,,,,,,,
SoGE,,0,0,0,1,8,14,19,34,42,57,88,117,156,194,236,351,488,659,854,1052,1227,1632,2103,2660,3224,3917,4390,4744,5301,5946,6563,7153,7801,8253,8549,9056,9498,9997,10444,10891,11193,11408,11752,12056,12372,12694,12928,13160,13292,13419,13606,13761,13905,14081,14210,14291,14394,14470,14557,14670,14775,14835,14872,14951,15019,15082,15159,15217,15269,15300,15334,15367,15417,15455,15495,15523,15549,15576,15608,15633,15658,15684,15703,15711,15724,15742,15758,15762,15775,15790,15799,15802,15812,15819,15827,15838,15844,15852,15856,15865,15876,15888,15902,15910,15918,15929,15939,15949,15967,15988,16003,16008,16022,16040,16050,16060,16082,16097,16107,16132,16149,16190,16216,16255,16279,16305,16344,16398,16452,16520,16570,16598,16630,16664,16708,16752,16792,16845,16888,16930,16966,17033,17093,17140,17202,17236,17265,17305,17352,17402,17463,17520,17562,17586,17630,17705,17799,17893,17961,18039,18093,18140,18202,18287,18354,18422,18466,18492,18563,18669,18777,18897,18992,19105,19170,19249,19358,19510,19665,19829,19967,20079,20216,20368,20547,20717,20916,21062,21178,21310,21491,21680,21936,22194,22409,22572,22779,23001,23284,23604,23912,24119,24328,24542,24816,25114,25420,25680,25897,26060,26227,26474,26705,26896,27086,27234,27334,27483,27656,27887,28171,28436,28711,28973,29278,29784,30430,31114,31898,32661,33265,34139,35335,36840,38516,40226,41857,43280,45297,47739,50860,54109,58123,61474,63970,68027,72540,77298,82008,86834,90795,94089,98752,103430,108552,113614,118020,121575,124322,127437,131406,135139,138622,141834,144534,146296,148499,151135,153850,156288,158614,160571,161870,163845,165918,168378,170415,172412,174112,175252,176926,178789,180957,182951,184980,186844,188000,189588,191574,193673,#NV,#NV,#NV,#NV,#NV,#NV,#NV,#NV,#NV,#NV,#NV,#NV,#NV,#NV,#NV,#NV,#NV,#NV,#NV,#NV,#NV,#NV,,,,,,
